Feature,Importance
lead time,0.4412916506171034
average price,0.4082348585514828
special requests,0.13255539419495424
repeated,0.009156155515265316
car parking space,0.008761941121194201
